G,Date,,,,,Opponent,,,Tm,Opp,W,L,Streak,Notes,False,
1,Wed Oct 30 2013,,,Box Score,,Atlanta Hawks,W,,118,109,1,0,W 1,,False,
2,Fri Nov 1 2013,,,Box Score,@,Houston Rockets,L,,105,113,1,1,L 1,,False,
3,Sat Nov 2 2013,,,Box Score,,Memphis Grizzlies,W,,111,99,2,1,W 1,,False,
4,Tue Nov 5 2013,,,Box Score,,Los Angeles Lakers,W,,123,104,3,1,W 2,,False,
5,Wed Nov 6 2013,,,Box Score,@,Oklahoma City Thunder,L,,93,107,3,2,L 1,,False,
6,Fri Nov 8 2013,,,Box Score,@,Minnesota Timberwolves,L,,108,116,3,3,L 2,,False,
7,Sat Nov 9 2013,,,Box Score,@,Milwaukee Bucks,W,,91,83,4,3,W 1,,False,
8,Tue Nov 12 2013,,,Box Score,,Washington Wizards,W,,105,95,5,3,W 2,,False,
9,Fri Nov 15 2013,,,Box Score,@,Miami Heat,L,,104,110,5,4,L 1,,False,
10,Sat Nov 16 2013,,,Box Score,@,Orlando Magic,W,,108,100,6,4,W 1,,False,
11,Mon Nov 18 2013,,,Box Score,,Philadelphia 76ers,W,,97,94,7,4,W 2,,False,
12,Wed Nov 20 2013,,,Box Score,,Houston Rockets,W,,123,120,8,4,W 3,,False,
13,Fri Nov 22 2013,,,Box Score,,Utah Jazz,W,,103,93,9,4,W 4,,False,
14,Sat Nov 23 2013,,,Box Score,@,Denver Nuggets,L,,100,102,9,5,L 1,,False,
15,Mon Nov 25 2013,,,Box Score,,Denver Nuggets,L,,96,110,9,6,L 2,,False,
16,Wed Nov 27 2013,,,Box Score,,Golden State Warriors,W,,103,99,10,6,W 1,,False,
17,Fri Nov 29 2013,,,Box Score,@,Atlanta Hawks,L,,87,88,10,7,L 1,,False,
18,Sat Nov 30 2013,,,Box Score,,Minnesota Timberwolves,L,,106,112,10,8,L 2,,False,
19,Tue Dec 3 2013,,,Box Score,,Charlotte Bobcats,W,,89,82,11,8,W 1,,False,
20,Wed Dec 4 2013,,,Box Score,@,New Orleans Pelicans,W,,100,97,12,8,W 2,,False,
G,Date,,,,,Opponent,,,Tm,Opp,W,L,Streak,Notes,False,
21,Sat Dec 7 2013,,,Box Score,@,Portland Trail Blazers,W,,108,106,13,8,W 3,,False,
22,Mon Dec 9 2013,,,Box Score,@,Sacramento Kings,L,,97,112,13,9,L 1,,False,
23,Wed Dec 11 2013,,,Box Score,@,Golden State Warriors,L,,93,95,13,10,L 2,,False,
24,Sat Dec 14 2013,,,Box Score,,Milwaukee Bucks,W,,106,93,14,10,W 1,,False,
25,Wed Dec 18 2013,,,Box Score,,Memphis Grizzlies,W,,105,91,15,10,W 2,,False,
26,Fri Dec 20 2013,,,Box Score,,Toronto Raptors,L,OT,108,109,15,11,L 1,,False,
27,Sat Dec 21 2013,,,Box Score,@,Phoenix Suns,L,,108,123,15,12,L 2,,False,
28,Mon Dec 23 2013,,,Box Score,@,Houston Rockets,W,,111,104,16,12,W 1,,False,
29,Thu Dec 26 2013,,,Box Score,,San Antonio Spurs,L,,107,116,16,13,L 1,,False,
30,Sat Dec 28 2013,,,Box Score,@,Chicago Bulls,W,,105,83,17,13,W 1,,False,
31,Mon Dec 30 2013,,,Box Score,@,Minnesota Timberwolves,W,,100,98,18,13,W 2,,False,
32,Wed Jan 1 2014,,,Box Score,@,Washington Wizards,W,,87,78,19,13,W 3,,False,
33,Fri Jan 3 2014,,,Box Score,,Los Angeles Clippers,L,,112,119,19,14,L 1,,False,
34,Sun Jan 5 2014,,,Box Score,,New York Knicks,L,,80,92,19,15,L 2,,False,
35,Tue Jan 7 2014,,,Box Score,,Los Angeles Lakers,W,,110,97,20,15,W 1,,False,
36,Wed Jan 8 2014,,,Box Score,@,San Antonio Spurs,L,,90,112,20,16,L 1,,False,
37,Fri Jan 10 2014,,,Box Score,@,New Orleans Pelicans,W,,107,90,21,16,W 1,,False,
38,Sat Jan 11 2014,,,Box Score,,New Orleans Pelicans,W,,110,107,22,16,W 2,,False,
39,Mon Jan 13 2014,,,Box Score,,Orlando Magic,W,,107,88,23,16,W 3,,False,
40,Wed Jan 15 2014,,,Box Score,@,Los Angeles Clippers,L,,127,129,23,17,L 1,,False,
G,Date,,,,,Opponent,,,Tm,Opp,W,L,Streak,Notes,False,
41,Fri Jan 17 2014,,,Box Score,@,Phoenix Suns,W,,110,107,24,17,W 1,,False,
42,Sat Jan 18 2014,,,Box Score,,Portland Trail Blazers,L,,111,127,24,18,L 1,,False,
43,Mon Jan 20 2014,,,Box Score,@,Cleveland Cavaliers,W,,102,97,25,18,W 1,,False,
44,Wed Jan 22 2014,,,Box Score,@,Toronto Raptors,L,,85,93,25,19,L 1,,False,
45,Fri Jan 24 2014,,,Box Score,@,Brooklyn Nets,L,,106,107,25,20,L 2,,False,
46,Sun Jan 26 2014,,,Box Score,,Detroit Pistons,W,,116,106,26,20,W 1,,False,
47,Wed Jan 29 2014,,,Box Score,,Houston Rockets,L,,115,117,26,21,L 1,,False,
48,Fri Jan 31 2014,,,Box Score,,Sacramento Kings,W,,107,103,27,21,W 1,,False,
49,Mon Feb 3 2014,,,Box Score,,Cleveland Cavaliers,W,,124,107,28,21,W 2,,False,
50,Wed Feb 5 2014,,,Box Score,@,Memphis Grizzlies,W,,110,96,29,21,W 3,,False,
51,Fri Feb 7 2014,,,Box Score,,Utah Jazz,W,,103,81,30,21,W 4,,False,
52,Sun Feb 9 2014,,,Box Score,@,Boston Celtics,W,,102,91,31,21,W 5,,False,
53,Tue Feb 11 2014,,,Box Score,@,Charlotte Bobcats,L,,89,114,31,22,L 1,,False,
54,Wed Feb 12 2014,,,Box Score,@,Indiana Pacers,W,,81,73,32,22,W 1,,False,
55,Tue Feb 18 2014,,,Box Score,,Miami Heat,L,,106,117,32,23,L 1,,False,
56,Fri Feb 21 2014,,,Box Score,@,Philadelphia 76ers,W,,124,112,33,23,W 1,,False,
57,Sat Feb 22 2014,,,Box Score,@,Detroit Pistons,W,,113,102,34,23,W 2,,False,
58,Mon Feb 24 2014,,,Box Score,@,New York Knicks,W,,110,108,35,23,W 3,,False,
59,Wed Feb 26 2014,,,Box Score,,New Orleans Pelicans,W,,108,89,36,23,W 4,,False,
60,Fri Feb 28 2014,,,Box Score,,Chicago Bulls,L,,91,100,36,24,L 1,,False,
G,Date,,,,,Opponent,,,Tm,Opp,W,L,Streak,Notes,False,
61,Sun Mar 2 2014,,,Box Score,@,San Antonio Spurs,L,,106,112,36,25,L 2,,False,
62,Wed Mar 5 2014,,,Box Score,@,Denver Nuggets,L,,110,115,36,26,L 3,,False,
63,Fri Mar 7 2014,,,Box Score,,Portland Trail Blazers,W,,103,98,37,26,W 1,,False,
64,Sun Mar 9 2014,,,Box Score,,Indiana Pacers,W,,105,94,38,26,W 2,,False,
65,Tue Mar 11 2014,,,Box Score,@,Golden State Warriors,L,,85,108,38,27,L 1,,False,
66,Wed Mar 12 2014,,,Box Score,@,Utah Jazz,W,,108,101,39,27,W 1,,False,
67,Sun Mar 16 2014,,,Box Score,@,Oklahoma City Thunder,W,,109,86,40,27,W 2,,False,
68,Mon Mar 17 2014,,,Box Score,,Boston Celtics,W,,94,89,41,27,W 3,,False,
69,Wed Mar 19 2014,,,Box Score,,Minnesota Timberwolves,L,OT,122,123,41,28,L 1,,False,
70,Fri Mar 21 2014,,,Box Score,,Denver Nuggets,W,,122,106,42,28,W 1,,False,
71,Sun Mar 23 2014,,,Box Score,,Brooklyn Nets,L,OT,104,107,42,29,L 1,,False,
72,Tue Mar 25 2014,,,Box Score,,Oklahoma City Thunder,W,OT,128,119,43,29,W 1,,False,
73,Thu Mar 27 2014,,,Box Score,,Los Angeles Clippers,L,,103,109,43,30,L 1,,False,
74,Sat Mar 29 2014,,,Box Score,,Sacramento Kings,W,,103,100,44,30,W 1,,False,
75,Tue Apr 1 2014,,,Box Score,,Golden State Warriors,L,OT,120,122,44,31,L 1,,False,
76,Thu Apr 3 2014,,,Box Score,@,Los Angeles Clippers,W,,113,107,45,31,W 1,,False,
77,Fri Apr 4 2014,,,Box Score,@,Los Angeles Lakers,W,,107,95,46,31,W 2,,False,
78,Sun Apr 6 2014,,,Box Score,@,Sacramento Kings,W,,93,91,47,31,W 3,,False,
79,Tue Apr 8 2014,,,Box Score,@,Utah Jazz,W,,95,83,48,31,W 4,,False,
80,Thu Apr 10 2014,,,Box Score,,San Antonio Spurs,L,,100,109,48,32,L 1,,False,
G,Date,,,,,Opponent,,,Tm,Opp,W,L,Streak,Notes,False,
81,Sat Apr 12 2014,,,Box Score,,Phoenix Suns,W,,101,98,49,32,W 1,,False,
82,Wed Apr 16 2014,,,Box Score,@,Memphis Grizzlies,L,OT,105,106,49,33,L 1,,False,
G,Date,,,,,Opponent,,,Tm,Opp,W,L,Streak,Notes,True,
1,Sun Apr 20 2014,1:00p EST,,Box Score,@,San Antonio Spurs,L,,85,90,0,1,L 1,,True,
2,Wed Apr 23 2014,8:00p EST,,Box Score,@,San Antonio Spurs,W,,113,92,1,1,W 1,,True,
3,Sat Apr 26 2014,4:30p EST,,Box Score,,San Antonio Spurs,W,,109,108,2,1,W 2,,True,
4,Mon Apr 28 2014,9:30p EST,,Box Score,,San Antonio Spurs,L,,89,93,2,2,L 1,,True,
5,Wed Apr 30 2014,7:00p EST,,Box Score,@,San Antonio Spurs,L,,103,109,2,3,L 2,,True,
6,Fri May 2 2014,8:00p EST,,Box Score,,San Antonio Spurs,W,,113,111,3,3,W 1,,True,
7,Sun May 4 2014,3:30p EST,,Box Score,@,San Antonio Spurs,L,,96,119,3,4,L 1,,True,
